{
  "project_info": {
    "project_number": "895667684156",
    "project_id": "inkomba-4c932",
    "storage_bucket": "inkomba-4c932.appspot.com"
  },
  "client": [
    {
      "client_info": {
        "mobilesdk_app_id": "1:895667684156:android:6ab88355e4568fdf529439",
        "android_client_info": {
          "package_name": "com.example.inkomba_poc"
        }
      },
      "oauth_client": [
        {
          "client_id": "895667684156-0u959d0rl9j17ucbq066fkf3dnaglg6g.apps.googleusercontent.com",
          "client_type": 1,
          "android_info": {
            "package_name": "com.example.inkomba_poc",
            "certificate_hash": "9982fd14d9064a62843bf65bead3b0b96ef30339"
          }
        },
        {
          "client_id": "895667684156-33tugbpe5fi28cq4q9tg8osaplrg8p4d.apps.googleusercontent.com",
          "client_type": 3
        }
      ],
      "api_key": [
        {
          "current_key": "AIzaSyBdiFpuUAOiOMnOHBYEDVwI_lhtKSC6YKo"
        }
      ],
      "services": {
        "appinvite_service": {
          "other_platform_oauth_client": [
            {
              "client_id": "895667684156-33tugbpe5fi28cq4q9tg8osaplrg8p4d.apps.googleusercontent.com",
              "client_type": 3
            }
          ]
        }
      }
    }
  ],
  "configuration_version": "1"
}